<?xml version="1.0" encoding="UTF-8"?>
<allAuthors>
  <publisher>Friendly Books</publisher>
  <publishYear>2008</publishYear>
  <authors>
    <author authorID="1">
      <authorFirstName>Alison</authorFirstName>
      <authorLastName>Ambrose</authorLastName>
      <books>
        <book bookID="1">
          <bookName>Shopping for profit and pleasure</bookName>
          <bookPublishYear>2002</bookPublishYear>
          <bookCost>14.99</bookCost>
        </book>
        <book bookID="4">
          <bookName>Fishing tips</bookName>
          <bookPublishYear>1999</bookPublishYear>
          <bookCost>23.50</bookCost>
        </book>
      </books>
    </author>
    <author authorID="2">
      <authorFirstName>Douglas</authorFirstName>
      <authorLastName>Donaldson</authorLastName>
      <books>
        <book bookID="5">
          <bookName>Outstanding dinner parties</bookName>
          <bookPublishYear>2003</bookPublishYear>
          <bookCost>35.99</bookCost>
        </book>
        <book bookID="9">
          <bookName>Cooking for fun and profit</bookName>
          <bookPublishYear>2007</bookPublishYear>
          <bookCost>24.75</bookCost>
        </book>
      </books>
    </author>
    <author authorID="3">
      <authorFirstName>Lucinda</authorFirstName>
      <authorLastName>Larcombe</authorLastName>
      <books>
        <book bookID="2">
          <bookName>Bikes as an alternative source of transport</bookName>
          <bookPublishYear>2004</bookPublishYear>
          <bookCost>32.60</bookCost>
        </book>
        <book bookID="3">
          <bookName>Entertaining ways</bookName>
          <bookPublishYear>2000</bookPublishYear>
          <bookCost>49.50</bookCost>
        </book>
        <book bookID="6">
          <bookName>Growing radishes</bookName>
          <bookPublishYear>2001</bookPublishYear>
          <bookCost>22.00</bookCost>
        </book>
        <book bookID="7">
          <bookName>Growing tulips</bookName>
          <bookPublishYear>2002</bookPublishYear>
          <bookCost>22.00</bookCost>
        </book>
      </books>
    </author>
    <author authorID="4">
      <authorFirstName>Saul</authorFirstName>
      <authorLastName>Sorenson</authorLastName>
      <books>
        <book bookID="8">
          <bookName>Bike riding for non-bike riders</bookName>
          <bookPublishYear>2004</bookPublishYear>
          <bookCost>18.99</bookCost>
        </book>
      </books>
    </author>
  </authors>
</allAuthors>
