<?xml version="1.0" encoding="UTF-8"?>
<dataroot xmlns:od="urn:schemas-microsoft-com:officedata" generated="2008-04-28T09:11:06">
<tblAuthors>
<authorID>1</authorID>
<AuthorFirstName>Alison</AuthorFirstName>
<AuthorLastName>Ambrose</AuthorLastName>
<AuthorOrganisation>Organisation A</AuthorOrganisation>
</tblAuthors>
<tblAuthors>
<authorID>2</authorID>
<AuthorFirstName>Douglas</AuthorFirstName>
<AuthorLastName>Donaldson</AuthorLastName>
<AuthorOrganisation>Organisation B</AuthorOrganisation>
</tblAuthors>
<tblAuthors>
<authorID>3</authorID>
<AuthorFirstName>Lucinda</AuthorFirstName>
<AuthorLastName>Larcombe</AuthorLastName>
<AuthorOrganisation>Organisation C</AuthorOrganisation>
</tblAuthors>
<tblAuthors>
<authorID>4</authorID>
<AuthorFirstName>Saul</AuthorFirstName>
<AuthorLastName>Sorenson</AuthorLastName>
<AuthorOrganisation>Organisation D</AuthorOrganisation>
</tblAuthors>
</dataroot>
