<foe:allAuthors xmlns:foe="http://www.friendsofed.com/ns/" xmlns="http://www.sasjacobs.com/ns/">
  <author authorID="1">
    <authorFirstName>Alison</authorFirstName>
    <authorLastName>Ambrose</authorLastName>
    <foe:books>
      <foe:book bookID="1">
        <bookName>Shopping for profit and pleasure</bookName>
        <bookPublishYear>2002</bookPublishYear>
      </foe:book>
      <book bookID="4">
        <bookName>Fishing tips</bookName>
        <bookPublishYear>1999</bookPublishYear>
      </book>
    </foe:books>
  </author>
</foe:allAuthors>