<allAuthors>
	<author authorID="1">
		<authorFirstName>Alison</authorFirstName>
		<authorLastName>Ambrose</authorLastName>
		<books>
			<book bookID="1">
				<bookName>Shopping for profit and pleasure</bookName>
				<bookPublishYear>2002</bookPublishYear>
			</book>
			<book bookID="4">
				<bookName>Fishing tips</bookName>
				<bookPublishYear>1999</bookPublishYear>
			</book>
		</books>
	</author>
	<author authorID="2">
		<authorFirstName>Douglas</authorFirstName>
		<authorLastName>Donaldson</authorLastName>
		<books>
			<book bookID="5">
				<bookName>Outstanding dinner parties</bookName>
				<bookPublishYear>2003</bookPublishYear>
			</book>
			<book bookID="9">
				<bookName>Cooking for fun and profit</bookName>
				<bookPublishYear>2007</bookPublishYear>
			</book>
		</books>
	</author>
	<author authorID="3">
		<authorFirstName>Lucinda</authorFirstName>
		<authorLastName>Larcombe</authorLastName>
		<books>
			<book bookID="3">
				<bookName>Bikes as an alternative source of transport</bookName>
				<bookPublishYear>2004</bookPublishYear>
			</book>
			<book bookID="6">
				<bookName>Entertaining ways</bookName>
				<bookPublishYear>2000</bookPublishYear>
			</book>
			<book bookID="7">
				<bookName>Growing radishes</bookName>
				<bookPublishYear>2001</bookPublishYear>
			</book>
			<book bookID="8">
				<bookName>Growing tulips</bookName>
				<bookPublishYear>2002</bookPublishYear>
			</book>
		</books>
	</author>
	<author authorID="4">
		<authorFirstName>Saul</authorFirstName>
		<authorLastName>Sorenson</authorLastName>
		<books>
			<book bookID="2">
				<bookName>Bike riding for non-bike riders</bookName>
				<bookPublishYear>2004</bookPublishYear>
			</book>
		</books>
	</author>
</allAuthors>
