<allAuthors>
	<publisher>Friendly Books</publisher>
	<publishYear>2008</publishYear>
	<author authorID="1">
		<authorFirstName>Alison</authorFirstName>
		<authorLastName>Ambrose</authorLastName>
		<books>
			<book ID="1">
				<bookName>Shopping for profit and pleasure</bookName>
				<bookPublishYear>2002</bookPublishYear>
				<bookCost>14.99</bookCost>
			</book>
			<book ID="4">
				<bookName>Fishing tips</bookName>
				<bookPublishYear>1999</bookPublishYear>
				<bookCost>23.50</bookCost>
			</book>
		</books>
	</author>
	<author authorID="2">
		<authorFirstName>Douglas</authorFirstName>
		<authorLastName>Donaldson</authorLastName>
		<books>
			<book ID="5">
				<bookName>Outstanding dinner parties</bookName>
				<bookPublishYear>2003</bookPublishYear>
				<bookCost>35.99</bookCost>
			</book>
			<book ID="9">
				<bookName>Cooking for fun and profit</bookName>
				<bookPublishYear>2007</bookPublishYear>
				<bookCost>24.75</bookCost>
			</book>
		</books>
	</author>
</allAuthors>
